Name,Capacity,Workspace Type,Location,Floor,Calling Type,Webex Calling Phone Number,Webex Calling Extension,Webex Calling Location,Calendar Type,Calendar Email Address,Calendar Resource Group ID,Notes,Adhoc Booking,Supported Devices,Hotdesking,Indoor Navigation URL,Device Hosted Meetings,Size (width x length x height),Webex Calling License
Pod 1,10,meetingRoom,,,,,,,,,,,,,,,,,
Pod 2,10,meetingRoom,,,,,,,,,,,,,,,,,
Pod 3,10,meetingRoom,,,,,,,,,,,,,,,,,
Pod 4,10,meetingRoom,,,,,,,,,,,,,,,,,
Pod 5,10,meetingRoom,,,,,,,,,,,,,,,,,
Pod 6,10,meetingRoom,,,,,,,,,,,,,,,,,
Pod 7,10,meetingRoom,,,,,,,,,,,,,,,,,
Pod 8,10,meetingRoom,,,,,,,,,,,,,,,,,
Pod 9,10,meetingRoom,,,,,,,,,,,,,,,,,
Pod 10,10,meetingRoom,,,,,,,,,,,,,,,,,
Pod 11,10,meetingRoom,,,,,,,,,,,,,,,,,
Pod 12,10,meetingRoom,,,,,,,,,,,,,,,,,
Pod 13,10,meetingRoom,,,,,,,,,,,,,,,,,
Pod 14,10,meetingRoom,,,,,,,,,,,,,,,,,
Pod 15,10,meetingRoom,,,,,,,,,,,,,,,,,
Pod 16,10,meetingRoom,,,,,,,,,,,,,,,,,
Pod 17,10,meetingRoom,,,,,,,,,,,,,,,,,
Pod 18,10,meetingRoom,,,,,,,,,,,,,,,,,
Pod 19,10,meetingRoom,,,,,,,,,,,,,,,,,
Pod 20,10,meetingRoom,,,,,,,,,,,,,,,,,
Pod 21,10,meetingRoom,,,,,,,,,,,,,,,,,
Pod 22,10,meetingRoom,,,,,,,,,,,,,,,,,
Pod 23,10,meetingRoom,,,,,,,,,,,,,,,,,
Pod 24,10,meetingRoom,,,,,,,,,,,,,,,,,
Pod 25,10,meetingRoom,,,,,,,,,,,,,,,,,
Pod 26,10,meetingRoom,,,,,,,,,,,,,,,,,
Pod 27,10,meetingRoom,,,,,,,,,,,,,,,,,
Pod 28,10,meetingRoom,,,,,,,,,,,,,,,,,
Pod 29,10,meetingRoom,,,,,,,,,,,,,,,,,
Pod 30,10,meetingRoom,,,,,,,,,,,,,,,,,
Pod 31,10,meetingRoom,,,,,,,,,,,,,,,,,
Pod 32,10,meetingRoom,,,,,,,,,,,,,,,,,
Pod 33,10,meetingRoom,,,,,,,,,,,,,,,,,
Pod 34,10,meetingRoom,,,,,,,,,,,,,,,,,